{"cameraMode":{"drawMode":0,"name":"Shaded","section":"Shading Mode"},"sceneLighting":false,"audioPlay":false,"sceneViewState":{"m_AlwaysRefresh":false,"showFog":true,"showSkybox":false,"showFlares":true,"showImageEffects":true,"showParticleSystems":true,"showVisualEffectGraphs":true,"m_FxEnabled":true},"in2DMode":false,"pivot":{"x":-0.6035753488540649,"y":0.22723078727722169,"z":0.30020642280578616},"rotation":{"x":-0.019661132246255876,"y":0.9642499685287476,"z":-0.0747801810503006,"w":-0.2534931004047394},"size":1.4549369812011719,"orthographic":false}