{"cameraMode":{"drawMode":0,"name":"Shaded","section":"Shading Mode"},"sceneLighting":true,"audioPlay":false,"sceneViewState":{"m_AlwaysRefresh":false,"showFog":true,"showSkybox":true,"showFlares":true,"showImageEffects":true,"showParticleSystems":true,"showVisualEffectGraphs":true,"m_FxEnabled":true},"in2DMode":false,"pivot":{"x":-6.011734962463379,"y":5.883440971374512,"z":15.079050064086914},"rotation":{"x":0.034350745379924777,"y":0.9641960263252258,"z":-0.21095940470695496,"w":0.15701231360435487},"size":1.1258877515792847,"orthographic":false}