{"cameraMode":{"drawMode":0,"name":"Shaded","section":"Shading Mode"},"sceneLighting":false,"audioPlay":false,"sceneViewState":{"m_AlwaysRefresh":false,"showFog":true,"showSkybox":false,"showFlares":true,"showImageEffects":true,"showParticleSystems":true,"showVisualEffectGraphs":true,"m_FxEnabled":true},"in2DMode":false,"pivot":{"x":0.011336445808410645,"y":0.0031393244862556459,"z":0.0439814031124115},"rotation":{"x":-0.08069797605276108,"y":0.7448276281356812,"z":-0.09162282198667526,"w":-0.6560032963752747},"size":0.5072683095932007,"orthographic":false}