{"cameraMode":{"drawMode":0,"name":"Shaded","section":"Shading Mode"},"sceneLighting":false,"audioPlay":false,"sceneViewState":{"m_AlwaysRefresh":false,"showFog":true,"showSkybox":false,"showFlares":true,"showImageEffects":true,"showParticleSystems":true,"showVisualEffectGraphs":true,"m_FxEnabled":true},"in2DMode":false,"pivot":{"x":-0.5566934943199158,"y":0.20047017931938172,"z":0.10103991627693176},"rotation":{"x":-0.019661132246255876,"y":0.9642499685287476,"z":-0.0747801810503006,"w":-0.2534931004047394},"size":2.1815755367279054,"orthographic":false}