{"cameraMode":{"drawMode":0,"name":"Shaded","section":"Shading Mode"},"sceneLighting":false,"audioPlay":false,"sceneViewState":{"m_AlwaysRefresh":false,"showFog":true,"showSkybox":false,"showFlares":true,"showImageEffects":true,"showParticleSystems":true,"showVisualEffectGraphs":true,"m_FxEnabled":true},"in2DMode":false,"pivot":{"x":0.034011974930763248,"y":0.4029437303543091,"z":0.060344189405441287},"rotation":{"x":-0.03783419728279114,"y":0.9466085433959961,"z":-0.12077149748802185,"w":-0.2965318262577057},"size":0.6983038187026978,"orthographic":false}