{"cameraMode":{"drawMode":0,"name":"Shaded","section":"Shading Mode"},"sceneLighting":false,"audioPlay":false,"sceneViewState":{"m_AlwaysRefresh":false,"showFog":true,"showSkybox":false,"showFlares":true,"showImageEffects":true,"showParticleSystems":true,"showVisualEffectGraphs":true,"m_FxEnabled":true},"in2DMode":false,"pivot":{"x":-0.06747660040855408,"y":-0.07114733755588532,"z":0.05086836218833923},"rotation":{"x":-0.019661132246255876,"y":0.9642499685287476,"z":-0.0747801810503006,"w":-0.2534931004047394},"size":0.2725764513015747,"orthographic":false}