{"cameraMode":{"drawMode":0,"name":"Shaded","section":"Shading Mode"},"sceneLighting":false,"audioPlay":false,"sceneViewState":{"m_AlwaysRefresh":false,"showFog":true,"showSkybox":false,"showFlares":true,"showImageEffects":true,"showParticleSystems":true,"showVisualEffectGraphs":true,"m_FxEnabled":true},"in2DMode":false,"pivot":{"x":-1.2240740060806275,"y":0.26284879446029665,"z":0.26828980445861819},"rotation":{"x":-0.005211284384131432,"y":0.9939901828765869,"z":-0.05462317541241646,"w":-0.0947890356183052},"size":2.059514284133911,"orthographic":false}