{"cameraMode":{"drawMode":0,"name":"Shaded","section":"Shading Mode"},"sceneLighting":false,"audioPlay":false,"sceneViewState":{"m_AlwaysRefresh":false,"showFog":true,"showSkybox":false,"showFlares":true,"showImageEffects":true,"showParticleSystems":true,"showVisualEffectGraphs":true,"m_FxEnabled":true},"in2DMode":false,"pivot":{"x":0.025119993835687639,"y":1.2579894065856934,"z":-0.16862013936042787},"rotation":{"x":0.003907699137926102,"y":0.9921847581863403,"z":-0.120541512966156,"w":0.032183367758989337},"size":0.6532031893730164,"orthographic":false}