{"cameraMode":{"drawMode":0,"name":"Shaded","section":"Shading Mode"},"sceneLighting":false,"audioPlay":false,"sceneViewState":{"m_AlwaysRefresh":false,"showFog":true,"showSkybox":false,"showFlares":true,"showImageEffects":true,"showParticleSystems":true,"showVisualEffectGraphs":true,"m_FxEnabled":true},"in2DMode":false,"pivot":{"x":1.1920928955078126e-7,"y":0.8618577718734741,"z":-0.05439440906047821},"rotation":{"x":0.003907699137926102,"y":0.9921847581863403,"z":-0.120541512966156,"w":0.032183367758989337},"size":1.4235708713531495,"orthographic":false}