{"cameraMode":{"drawMode":0,"name":"Shaded","section":"Shading Mode"},"sceneLighting":false,"audioPlay":false,"sceneViewState":{"m_AlwaysRefresh":false,"showFog":true,"showSkybox":false,"showFlares":true,"showImageEffects":true,"showParticleSystems":true,"showVisualEffectGraphs":true,"m_FxEnabled":true},"in2DMode":false,"pivot":{"x":-0.14361880719661714,"y":-0.014017507433891297,"z":-0.06989732384681702},"rotation":{"x":-0.019661132246255876,"y":0.9642499685287476,"z":-0.0747801810503006,"w":-0.2534931004047394},"size":0.3487154543399811,"orthographic":false}