{"cameraMode":{"drawMode":0,"name":"Shaded","section":"Shading Mode"},"sceneLighting":false,"audioPlay":false,"sceneViewState":{"m_AlwaysRefresh":false,"showFog":true,"showSkybox":false,"showFlares":true,"showImageEffects":true,"showParticleSystems":true,"showVisualEffectGraphs":true,"m_FxEnabled":true},"in2DMode":false,"pivot":{"x":-0.13956661522388459,"y":1.633804440498352,"z":0.9690939784049988},"rotation":{"x":0.00023080936807673424,"y":0.9953093528747559,"z":-0.0023873341269791128,"w":0.09677350521087647},"size":0.4801206588745117,"orthographic":false}